student_id,attendance,quiz_avg,assignment_avg,midterm_score,project_score,study_hours_per_week,participation_score,final_score,degree_category
1,74.98,50.18,58.87,78.73,78.6,18.8,75.38,69.83,Good
2,98.03,69.8,58.09,86.78,90.27,21.6,42.07,78.32,Very Good
3,89.28,88.01,93.03,51.28,88.01,34.9,91.07,76.36,Very Good
4,83.95,80.27,58.23,75.62,57.69,16.9,72.92,63.77,Acceptable
5,66.24,84.36,59.41,72.16,57.46,35.4,41.0,64.94,Acceptable
6,66.24,76.23,85.25,89.13,63.41,8.1,97.36,73.97,Good
7,62.32,78.08,68.84,93.9,68.05,32.2,66.29,78.39,Very Good
8,94.65,86.71,86.17,35.79,70.42,34.7,35.1,66.98,Good
9,84.04,53.73,48.46,78.81,83.98,11.4,73.88,65.2,Good
10,88.32,66.92,70.84,38.37,52.83,20.1,47.72,56.26,Acceptable
11,60.82,52.17,46.78,70.68,51.73,10.8,86.26,60.3,Acceptable
12,98.8,94.32,48.32,53.7,69.6,29.7,87.25,69.15,Good
13,93.3,91.92,93.04,54.94,84.86,23.7,98.53,79.79,Very Good
14,68.49,42.17,52.38,57.94,59.67,27.2,65.13,56.4,Acceptable
15,67.27,78.81,73.22,75.38,82.08,11.9,61.85,76.91,Very Good
16,67.34,90.89,66.79,56.71,62.99,12.4,82.74,63.94,Acceptable
17,72.17,49.93,63.41,82.63,94.3,6.5,39.27,73.62,Good
18,80.99,71.24,92.69,61.29,94.78,16.3,68.28,77.68,Very Good
19,77.28,90.35,46.16,39.44,64.86,24.6,68.24,59.35,Acceptable
20,71.65,41.87,80.18,85.94,61.5,35.0,36.26,76.96,Very Good
21,84.47,78.36,96.06,53.57,70.57,28.3,59.26,70.26,Good
22,65.58,56.35,74.69,63.13,62.03,20.2,89.73,64.09,Acceptable
23,71.69,90.84,94.65,79.55,83.62,38.4,89.93,81.93,Very Good
24,74.65,93.41,47.77,56.61,91.3,30.2,36.95,71.92,Good
25,78.24,91.93,67.2,38.68,83.65,37.6,36.35,73.03,Good
26,91.41,66.08,58.79,59.3,91.22,23.5,48.39,74.24,Good
27,67.99,87.41,83.73,96.39,69.85,14.1,91.23,84.72,Very Good
28,80.57,86.45,97.01,76.71,57.82,6.8,39.02,73.38,Good
29,83.7,57.55,58.6,78.65,86.9,30.4,80.4,72.49,Good
30,61.86,85.59,79.67,76.1,68.02,9.2,37.08,65.58,Good
31,84.3,42.04,55.5,47.93,83.56,15.6,73.62,66.27,Good
32,66.82,72.79,74.96,62.19,63.53,23.6,54.92,67.96,Good
33,62.6,52.65,69.59,83.81,54.06,24.8,85.22,65.72,Good
34,97.96,46.63,96.52,41.59,99.63,26.0,46.36,75.97,Very Good
35,98.63,44.23,77.25,53.06,57.81,10.8,74.74,58.95,Acceptable
36,92.34,78.3,63.52,52.96,99.42,18.3,46.5,72.64,Good
37,72.18,58.69,51.05,63.08,98.86,26.6,79.96,68.58,Good
38,63.91,79.86,53.02,98.72,89.69,38.9,91.16,82.93,Very Good
39,87.37,43.59,56.94,39.39,82.97,30.5,38.88,58.67,Acceptable
40,77.61,57.34,58.3,68.72,78.89,37.3,90.66,65.82,Good
41,64.88,69.67,90.08,46.66,93.31,31.7,71.55,73.05,Good
42,79.81,83.49,74.74,98.09,64.47,25.7,38.9,81.18,Very Good
43,61.38,57.53,72.74,42.36,73.38,11.7,59.93,58.96,Acceptable
44,96.37,74.42,51.08,61.23,80.97,28.3,41.26,70.45,Good
45,70.35,88.73,90.59,82.96,70.56,26.8,79.02,77.48,Very Good
46,86.5,73.87,83.31,80.8,71.37,26.1,83.12,78.2,Very Good
47,72.47,52.81,48.59,62.48,66.51,22.1,37.41,56.57,Acceptable
48,80.8,41.34,82.52,57.52,78.21,23.5,65.43,69.26,Good
49,81.87,87.86,73.81,60.84,92.53,16.7,87.02,76.38,Very Good
50,67.39,41.17,49.33,52.18,60.08,23.2,95.53,57.58,Acceptable
51,98.78,88.11,69.29,48.35,96.72,11.9,65.95,76.43,Very Good
52,91.01,69.09,70.69,66.4,84.45,33.2,96.52,78.14,Very Good
53,97.58,91.65,53.79,52.45,91.16,11.5,67.5,71.24,Good
54,95.79,83.93,95.12,53.69,77.81,8.0,57.59,71.06,Good
55,83.92,94.89,90.05,77.69,88.98,20.3,89.37,84.85,Very Good
56,96.87,59.29,80.46,97.95,50.81,28.0,64.51,74.45,Good
57,63.54,82.2,69.5,74.24,90.92,20.3,63.03,73.99,Good
58,67.84,62.11,66.82,40.0,52.01,14.7,64.32,53.8,Acceptable
59,61.81,66.39,79.5,39.91,94.5,24.5,89.27,65.51,Good
60,73.01,74.51,73.91,96.84,99.6,17.1,88.24,78.07,Very Good
61,75.55,88.05,48.3,54.32,64.7,37.7,58.25,62.56,Acceptable
62,70.85,94.12,72.16,40.98,60.52,37.3,53.33,65.89,Good
63,93.15,82.26,87.74,73.94,88.27,22.6,64.43,77.34,Very Good
64,74.27,62.98,69.34,75.54,62.65,16.5,70.09,67.77,Good
65,71.24,63.17,47.75,77.15,93.28,30.8,46.68,75.98,Very Good
66,81.71,80.57,86.67,52.38,55.14,6.3,85.58,69.85,Good
67,65.64,53.13,55.67,35.98,56.3,21.6,64.05,56.76,Acceptable
68,92.09,46.08,58.71,97.73,98.96,16.8,53.38,78.02,Very Good
69,62.98,59.5,53.73,51.31,83.69,37.2,37.48,65.56,Good
70,99.48,55.8,62.5,78.94,92.34,5.4,46.72,69.86,Good
71,90.89,56.3,85.11,80.93,66.22,24.3,96.45,73.96,Good
72,67.95,52.85,72.53,74.65,83.82,30.9,51.36,62.87,Acceptable
73,60.22,42.32,55.86,55.34,79.71,22.0,41.82,61.71,Acceptable
74,92.62,40.98,91.52,52.62,80.16,8.0,62.25,71.63,Good
75,88.27,94.32,91.62,73.85,84.13,39.0,51.5,82.38,Very Good
76,89.16,63.53,91.14,91.3,78.77,23.1,32.46,79.0,Very Good
77,90.85,61.14,57.66,96.54,71.45,26.5,52.62,71.89,Good
78,62.96,77.38,68.92,41.88,63.8,13.3,68.09,61.13,Acceptable
79,74.34,52.0,97.2,45.06,88.43,21.9,68.62,73.17,Good
80,64.63,92.25,85.92,96.41,61.31,20.0,54.96,73.87,Good
81,94.52,83.25,46.44,82.87,84.62,7.6,61.31,74.12,Good
82,84.93,44.92,48.46,92.39,61.67,8.7,97.59,65.49,Good
83,73.24,62.97,69.59,48.17,81.27,34.3,56.41,66.43,Good
84,62.54,88.35,93.19,73.19,87.35,13.4,48.08,79.37,Very Good
85,72.44,91.96,73.55,80.57,60.94,11.8,47.04,71.34,Good
86,73.01,65.71,71.38,79.21,53.0,22.7,62.04,67.46,Good
87,89.18,73.74,50.59,61.53,56.55,31.9,83.17,64.29,Acceptable
88,85.5,49.19,79.81,36.0,80.3,7.2,44.42,62.98,Acceptable
89,95.49,94.51,88.57,72.89,92.47,25.2,79.65,86.54,Excellent
90,78.89,52.74,65.16,51.45,52.25,9.2,31.48,55.53,Acceptable
91,64.78,91.85,86.11,64.27,86.71,6.3,59.33,70.82,Good
92,88.53,75.73,96.12,97.24,67.07,6.8,84.31,81.1,Very Good
93,90.43,73.43,55.8,60.94,73.93,34.2,53.71,70.89,Good
94,82.45,68.2,72.74,89.59,96.44,9.1,69.46,79.43,Very Good
95,90.84,52.69,60.22,47.26,66.6,6.6,44.35,59.18,Acceptable
96,79.75,49.71,87.02,78.71,73.27,20.3,81.94,79.1,Very Good
97,80.91,52.13,75.61,98.51,50.68,34.5,33.66,74.91,Good
98,77.1,50.25,78.63,41.62,54.08,14.2,89.68,58.73,Acceptable
99,61.02,82.88,87.29,35.54,62.93,19.8,43.87,60.59,Acceptable
100,64.32,59.26,65.99,63.18,51.39,6.4,91.21,52.29,Acceptable
101,61.26,43.18,93.5,41.02,81.57,20.7,54.68,62.69,Acceptable
102,85.46,93.3,73.25,83.64,71.32,25.2,80.59,78.57,Very Good
103,72.57,88.61,53.37,94.45,77.41,25.0,52.35,77.23,Very Good
104,80.34,91.03,81.88,63.21,58.73,16.6,93.41,71.9,Good
105,96.3,94.72,87.04,51.82,64.8,16.0,38.86,70.15,Good
106,69.97,49.56,61.79,63.24,83.19,8.7,42.5,57.11,Acceptable
107,76.42,61.79,90.43,82.02,98.27,17.8,64.51,77.79,Very Good
108,90.22,81.7,93.03,35.59,52.52,8.5,35.74,63.56,Acceptable
109,69.15,78.28,59.68,73.31,94.52,31.8,43.72,79.14,Very Good
110,63.08,48.46,97.13,74.86,78.84,38.8,96.06,76.85,Very Good
111,71.59,84.87,52.46,76.45,78.2,39.0,98.35,75.9,Very Good
112,66.45,52.34,55.71,50.73,75.01,35.3,56.34,63.41,Acceptable
113,97.19,52.31,54.76,81.41,53.47,26.0,94.63,65.12,Good
114,92.32,69.53,92.38,40.94,54.49,29.5,68.14,67.47,Good
115,85.34,72.61,79.68,47.95,80.05,15.0,48.88,65.45,Good
116,94.86,71.9,53.06,92.04,67.05,27.1,79.17,77.24,Very Good
117,92.15,45.03,68.34,83.02,95.86,20.9,76.12,76.44,Very Good
118,67.46,88.26,77.61,35.89,70.33,21.9,99.24,67.14,Good
119,95.7,54.61,49.42,51.14,57.16,31.5,48.55,55.89,Acceptable
120,81.57,47.12,91.77,48.94,85.74,14.9,77.04,70.79,Good
121,92.3,88.88,87.59,52.6,64.67,16.1,33.64,76.12,Very Good
122,95.84,92.56,71.78,51.09,76.27,37.4,37.96,69.4,Good
123,72.72,87.42,96.26,39.06,84.89,7.0,30.27,67.75,Good
124,64.4,84.52,67.14,64.83,95.01,22.0,99.96,76.2,Very Good
125,69.12,76.04,97.16,82.63,89.61,36.9,86.16,87.61,Excellent
126,77.08,70.3,80.4,74.44,83.82,26.4,85.07,75.58,Very Good
127,92.72,44.78,78.64,78.74,83.98,24.1,65.68,66.0,Good
128,94.43,62.46,53.8,40.27,97.3,13.7,51.0,67.45,Good
129,60.28,60.5,91.74,96.85,64.79,17.0,40.59,77.06,Very Good
130,80.43,54.29,67.66,89.5,50.06,34.8,49.93,63.72,Acceptable
131,76.7,79.79,53.6,87.33,63.6,24.6,56.32,68.97,Good
132,68.88,67.27,45.67,88.49,60.89,23.0,82.94,72.14,Good
133,64.79,44.46,74.67,95.63,83.09,8.5,67.78,77.4,Very Good
134,73.5,52.11,72.95,70.38,81.69,5.6,35.42,68.97,Good
135,97.72,77.58,83.13,48.02,79.67,38.7,31.26,71.85,Good
136,72.93,44.19,92.18,75.09,50.81,18.2,37.16,65.67,Good
137,80.75,86.82,49.21,83.29,86.44,26.1,58.73,74.86,Good
138,88.12,67.23,83.77,82.96,66.18,7.8,95.32,78.75,Very Good
139,74.55,66.43,54.93,68.89,83.25,28.9,74.62,67.0,Good
140,98.87,72.58,90.48,39.45,77.83,37.6,86.13,70.89,Good
141,98.5,85.36,88.41,59.12,67.14,25.1,62.65,77.85,Very Good
142,70.07,59.13,73.66,94.85,56.73,9.4,55.32,69.48,Good
143,79.89,77.29,82.64,72.99,54.72,25.4,37.59,74.49,Good
144,72.04,71.12,61.66,69.99,91.58,31.8,91.32,72.54,Good
145,71.39,54.69,69.97,52.48,95.92,19.2,84.82,68.12,Good
146,61.48,88.32,88.55,58.95,82.49,35.8,41.77,72.14,Good
147,84.38,83.86,69.34,93.2,55.17,27.7,65.86,76.0,Very Good
148,80.11,76.21,63.96,78.32,70.1,36.5,64.12,69.17,Good
149,62.06,86.78,71.19,86.18,86.45,26.8,73.76,77.87,Very Good
150,71.15,87.7,88.9,64.53,88.99,9.6,96.23,73.68,Good
151,96.33,78.96,62.77,75.97,55.91,15.8,70.58,71.79,Good
152,69.58,86.04,54.21,51.14,50.0,12.1,67.82,60.54,Acceptable
153,65.8,78.36,82.74,80.85,85.61,36.8,33.52,73.3,Good
154,79.58,77.41,88.78,62.79,67.83,31.6,34.4,76.26,Very Good
155,99.43,74.02,50.33,63.77,62.72,28.7,43.11,72.83,Good
156,69.68,81.4,57.71,77.21,50.64,15.5,32.27,63.84,Acceptable
157,86.89,48.72,52.52,95.86,77.01,11.4,82.03,69.48,Good
158,90.46,88.45,63.44,39.16,92.56,31.5,80.63,79.74,Very Good
159,69.51,87.95,68.87,88.61,97.88,21.6,39.52,76.36,Very Good
160,89.13,41.61,84.69,54.0,78.29,12.9,88.53,67.35,Good
161,74.71,85.42,79.51,63.85,75.72,26.6,40.84,73.2,Good
162,85.29,47.09,77.91,36.42,54.25,6.4,51.08,58.52,Acceptable
163,85.34,58.43,63.68,54.57,77.44,16.4,47.43,64.67,Acceptable
164,81.43,80.89,89.6,67.67,69.0,21.4,56.06,72.9,Good
165,63.61,48.84,69.98,38.65,80.36,10.2,47.83,54.23,Acceptable
166,93.41,84.99,96.89,66.92,69.44,39.5,64.23,79.2,Very Good
167,72.83,85.77,78.61,95.26,62.01,12.3,58.52,73.53,Good
168,67.46,67.91,51.69,41.85,54.75,9.6,99.06,54.98,Acceptable
169,61.63,40.35,80.84,84.69,65.75,12.1,33.91,64.22,Acceptable
170,83.64,55.79,62.23,61.63,54.83,31.9,39.95,57.06,Acceptable
171,87.1,73.93,81.38,77.59,58.84,19.9,33.7,75.18,Very Good
172,60.66,93.97,48.69,51.92,99.37,24.8,73.81,68.05,Good
173,80.48,74.75,54.27,45.37,72.21,5.7,33.82,54.5,Acceptable
174,69.06,54.29,90.35,45.43,76.59,6.2,88.55,64.49,Acceptable
175,85.81,74.87,57.04,39.58,93.68,20.6,65.84,65.92,Good
176,66.97,69.7,89.36,47.07,99.78,33.6,66.89,69.05,Good
177,87.64,82.89,59.8,78.17,79.14,36.0,69.31,77.49,Very Good
178,75.47,45.88,79.07,92.31,90.62,8.0,41.96,71.41,Good
179,97.47,81.86,81.79,87.92,66.35,23.8,43.84,83.94,Very Good
180,65.5,69.77,72.17,79.53,65.29,37.0,52.32,73.2,Good
181,73.64,92.96,61.18,42.18,70.14,18.6,71.54,62.82,Acceptable
182,64.54,58.8,56.27,53.8,83.63,34.0,44.71,60.96,Acceptable
183,96.99,74.79,46.76,55.14,84.11,9.7,38.14,63.68,Acceptable
184,95.09,91.26,61.11,51.25,65.76,37.7,97.91,72.84,Good
185,70.32,45.64,79.62,68.48,56.66,31.3,31.54,63.66,Acceptable
186,86.4,91.55,94.73,69.81,81.62,37.9,86.19,83.5,Very Good
187,92.69,77.83,91.17,58.2,56.42,28.7,85.16,73.03,Good
188,82.21,43.73,85.6,58.0,78.92,17.7,50.8,65.13,Good
189,81.19,56.55,86.79,88.86,84.67,37.8,39.49,78.78,Very Good
190,69.67,78.95,80.24,86.3,85.03,14.6,40.19,71.02,Good
191,63.72,43.7,58.8,55.01,87.67,16.6,78.82,64.91,Acceptable
192,95.89,72.02,93.08,94.4,93.64,29.5,75.0,89.67,Excellent
193,96.02,59.02,80.55,96.93,75.0,31.8,84.79,79.69,Very Good
194,85.32,74.15,74.7,56.24,86.51,37.5,95.62,81.13,Very Good
195,73.56,42.52,50.88,58.04,80.96,12.2,78.43,60.31,Acceptable
196,73.97,87.93,68.69,67.87,59.33,32.9,40.91,66.21,Good
197,89.04,93.54,69.4,96.17,51.28,30.8,47.04,79.89,Very Good
198,95.88,93.29,90.82,91.96,64.23,7.2,88.95,84.13,Very Good
199,95.48,81.23,73.97,41.67,72.15,18.6,44.65,67.11,Good
200,91.2,47.15,65.16,60.53,80.86,14.9,35.08,62.87,Acceptable
201,85.68,81.7,96.77,70.97,92.5,15.7,79.23,83.69,Very Good
202,63.37,41.35,50.87,67.7,59.81,39.4,58.18,58.65,Acceptable
203,66.47,41.22,67.4,47.6,56.28,27.5,94.4,59.29,Acceptable
204,95.94,57.8,47.23,90.82,98.17,30.1,75.52,71.88,Good
205,84.26,66.88,84.21,79.0,55.4,39.2,36.33,71.54,Good
206,60.37,82.37,93.66,89.46,73.92,18.2,96.35,86.53,Excellent
207,64.06,77.58,59.84,90.82,79.28,33.1,48.1,72.81,Good
208,86.54,64.52,90.49,83.64,77.07,20.2,53.6,76.15,Very Good
209,60.2,55.05,60.49,63.55,54.3,35.4,58.16,59.12,Acceptable
210,66.43,94.84,93.27,74.69,52.85,11.3,33.59,68.22,Good
211,81.95,63.44,84.96,45.42,55.27,38.2,64.76,58.5,Acceptable
212,87.68,64.83,87.66,78.79,79.28,12.7,38.63,74.4,Good
213,86.08,49.0,45.95,46.65,77.22,16.4,58.07,57.62,Acceptable
214,68.97,83.71,96.03,80.11,61.69,31.5,54.55,77.53,Very Good
215,88.49,78.15,83.51,49.92,81.89,18.8,84.1,72.25,Good
216,69.49,52.14,61.15,42.64,91.0,26.3,86.22,63.59,Acceptable
217,73.02,44.53,88.96,45.74,52.08,20.6,40.74,61.3,Acceptable
218,89.86,77.43,59.92,35.13,74.91,31.0,55.66,62.43,Acceptable
219,85.99,76.0,91.26,81.72,84.47,13.0,56.13,78.28,Very Good
220,93.97,55.03,50.97,82.61,62.62,7.0,40.6,63.09,Acceptable
221,86.3,92.3,82.3,68.47,65.39,15.5,85.89,77.1,Very Good
222,82.73,48.31,73.66,45.49,80.68,21.6,79.51,68.67,Good
223,63.75,63.78,50.12,40.43,94.9,10.9,43.33,56.69,Acceptable
224,74.71,91.9,57.82,36.24,90.5,17.4,55.67,65.24,Good
225,70.61,63.09,45.66,45.77,79.16,19.0,37.41,58.19,Acceptable
226,69.76,75.12,69.84,92.91,86.51,7.0,73.97,74.34,Good
227,98.92,61.87,60.97,50.7,68.24,25.4,38.5,62.85,Acceptable
228,75.72,55.08,76.71,58.03,82.05,36.0,99.02,67.14,Good
229,95.68,94.12,60.75,41.85,73.31,10.3,84.65,61.17,Acceptable
230,85.25,62.51,60.9,49.45,59.5,25.9,57.32,61.55,Acceptable
231,91.79,89.18,84.39,68.75,85.09,28.3,70.5,79.54,Very Good
232,80.11,52.65,47.55,74.5,77.82,19.7,93.79,67.36,Good
233,83.08,51.72,92.85,50.95,67.93,29.5,68.79,68.04,Good
234,79.7,41.71,90.17,38.75,95.57,19.4,42.21,62.67,Acceptable
235,67.81,75.84,80.39,60.42,51.05,22.7,56.51,65.07,Good
236,88.9,60.27,76.44,50.22,65.79,5.3,89.02,60.34,Acceptable
237,71.23,87.54,92.29,49.27,52.84,29.2,75.09,73.18,Good
238,60.97,66.03,54.82,97.39,88.33,28.1,75.55,72.21,Good
239,85.82,93.25,49.19,75.06,85.11,6.3,90.68,72.93,Good
240,67.08,50.2,57.69,71.2,66.57,17.9,92.58,60.63,Acceptable
241,97.62,87.77,87.11,62.03,83.78,39.3,94.39,83.95,Very Good
242,98.16,82.71,46.84,62.88,69.8,19.7,36.64,64.57,Acceptable
243,96.59,82.4,75.89,70.16,87.81,22.6,68.09,76.97,Very Good
244,74.81,86.46,97.76,80.27,72.71,36.8,81.84,85.87,Excellent
245,60.62,81.86,90.35,80.64,70.61,30.1,82.98,78.69,Very Good
246,97.13,74.44,72.64,46.16,96.74,25.4,72.47,74.64,Good
247,77.13,47.22,48.37,67.51,62.54,32.9,41.68,57.11,Acceptable
248,98.67,41.79,89.06,61.78,56.02,35.3,85.82,65.08,Good
249,98.54,90.65,76.75,91.58,79.23,21.0,80.41,84.51,Very Good
250,94.12,73.92,51.09,76.04,98.47,21.6,36.03,72.97,Good
251,71.78,83.81,49.97,69.61,68.89,18.5,62.47,68.24,Good
252,75.4,66.48,93.21,42.5,53.1,38.8,42.18,64.12,Acceptable
253,94.05,46.45,80.47,74.37,66.97,29.4,53.62,71.42,Good
254,72.68,46.89,88.95,42.62,75.3,7.9,31.27,55.49,Acceptable
255,66.78,77.71,91.59,56.92,58.1,35.2,58.02,75.47,Very Good
256,82.27,63.67,75.3,44.28,82.91,21.8,68.49,66.15,Good
257,97.45,51.03,72.42,79.98,99.89,7.4,73.37,78.54,Very Good
258,87.84,67.04,67.81,48.41,72.59,24.2,76.44,63.37,Acceptable
259,82.8,43.53,61.8,60.47,67.74,19.6,88.54,63.64,Acceptable
260,63.89,72.01,68.03,93.22,70.04,35.7,45.08,70.92,Good
261,84.6,54.79,86.02,48.28,55.76,12.1,38.43,61.9,Acceptable
262,99.6,83.87,76.9,68.01,94.16,33.9,89.61,81.41,Very Good
263,65.6,57.07,92.3,62.25,70.74,24.5,40.96,68.49,Good
264,80.73,65.04,68.5,36.18,69.36,6.9,98.23,62.32,Acceptable
265,95.09,40.64,77.18,86.53,82.98,39.0,88.98,74.9,Good
266,89.63,43.98,78.46,39.49,72.1,22.9,65.06,59.61,Acceptable
267,87.88,61.59,76.36,65.83,82.41,15.2,98.7,74.44,Good
268,88.1,66.4,82.24,71.44,53.07,21.4,36.82,74.51,Good
269,74.38,73.0,57.58,75.85,90.69,35.0,51.21,73.53,Good
270,71.74,56.04,72.16,79.76,97.03,15.7,74.68,76.82,Very Good
271,92.37,78.22,50.52,51.46,82.44,11.7,54.5,64.3,Acceptable
272,92.4,87.31,65.38,35.65,97.73,9.5,94.99,75.64,Very Good
273,94.68,82.89,70.85,82.02,57.57,15.4,34.59,66.51,Good
274,96.53,42.18,79.57,69.82,73.87,32.3,68.46,71.87,Good
275,80.45,66.43,95.38,89.35,80.09,21.5,71.36,76.82,Very Good
276,80.06,45.77,76.83,88.39,79.09,13.0,75.69,66.04,Good
277,91.93,53.31,84.41,89.82,70.07,10.8,47.9,75.18,Very Good
278,86.0,94.27,71.83,66.53,66.9,16.6,55.52,72.4,Good
279,88.08,47.84,78.61,56.69,56.34,37.9,89.06,65.48,Good
280,91.83,67.44,48.76,86.45,69.59,17.0,43.65,68.57,Good
281,95.6,74.0,58.48,64.33,58.13,39.6,87.88,78.7,Very Good
282,73.52,78.64,64.18,46.92,86.72,22.0,69.39,66.5,Good
283,75.02,70.78,70.04,90.57,60.44,11.3,83.35,73.97,Good
284,63.76,40.54,47.42,92.37,52.93,36.2,79.95,62.19,Acceptable
285,83.13,57.96,52.42,65.31,77.62,21.1,44.53,65.09,Good
286,61.44,68.47,59.67,39.92,79.76,29.8,69.82,60.79,Acceptable
287,78.62,44.83,96.49,60.21,93.6,39.4,90.74,75.89,Very Good
288,81.71,59.28,62.56,87.23,78.85,6.8,60.25,76.47,Very Good
289,71.46,41.83,70.55,93.62,67.27,8.4,97.66,73.85,Good
290,83.63,44.32,55.39,48.23,90.15,30.2,61.66,63.45,Acceptable
291,61.22,61.83,77.37,39.35,77.01,14.9,39.99,53.06,Acceptable
292,61.49,47.3,59.88,92.03,53.96,11.5,57.26,62.23,Acceptable
293,92.9,71.21,55.97,60.31,78.29,6.4,96.62,75.64,Very Good
294,74.41,77.92,72.38,70.21,95.4,5.8,52.38,72.89,Good
295,65.08,84.03,45.29,97.92,69.82,32.1,90.77,78.48,Very Good
296,80.89,51.01,45.41,39.33,64.82,9.7,91.69,57.74,Acceptable
297,90.8,49.21,56.61,77.14,57.17,21.4,54.51,64.56,Acceptable
298,68.63,45.75,46.95,39.82,57.57,26.2,35.83,47.13,Bad
299,84.92,75.0,50.73,59.41,71.64,20.0,80.72,58.3,Acceptable
300,63.41,78.86,62.96,87.25,79.78,5.9,51.81,73.92,Good
301,62.07,41.74,87.54,63.18,54.03,32.4,84.8,62.42,Acceptable
302,81.25,91.49,75.32,99.82,96.98,5.4,60.99,85.51,Excellent
303,81.63,42.86,72.17,71.34,87.76,31.7,63.97,67.82,Good
304,85.5,69.77,60.55,55.88,79.33,36.3,84.45,68.92,Good
305,89.04,79.0,94.38,49.31,91.42,20.1,56.77,75.7,Very Good
306,99.03,87.9,66.04,57.78,54.01,23.7,61.02,68.37,Good
307,80.65,79.27,49.62,59.21,73.84,21.7,56.33,61.64,Acceptable
308,72.92,84.1,77.7,39.47,81.5,18.6,55.71,70.32,Good
309,91.81,58.67,51.03,59.02,91.43,36.1,66.82,67.29,Good
310,70.83,84.82,63.3,65.18,89.17,36.3,86.62,70.44,Good
311,77.56,44.41,71.89,81.98,63.85,16.8,55.32,66.59,Good
312,63.14,89.21,91.33,77.69,97.04,26.5,66.7,83.55,Very Good
313,61.01,70.12,71.16,81.07,56.22,37.4,76.95,71.37,Good
314,98.51,84.95,82.22,35.54,93.76,38.7,48.86,78.04,Very Good
315,93.44,64.88,97.62,49.15,98.55,22.8,49.43,75.21,Very Good
316,87.84,75.4,51.97,78.01,58.86,20.8,95.34,68.78,Good
317,76.36,68.95,59.56,66.46,86.1,14.8,80.65,66.29,Good
318,66.93,80.24,65.91,35.35,52.01,38.6,70.4,61.95,Acceptable
319,66.26,44.49,67.36,87.29,70.27,10.0,75.34,68.22,Good
320,70.01,43.32,66.78,85.23,75.81,25.3,32.05,66.83,Good
321,81.97,53.59,93.1,70.65,79.03,14.9,73.27,68.13,Good
322,88.58,48.77,82.84,39.32,96.8,14.8,65.67,71.39,Good
323,86.41,87.95,77.22,84.82,83.61,19.2,68.2,77.33,Very Good
324,71.2,52.06,61.4,72.94,74.06,40.0,55.16,66.23,Good
325,98.19,93.67,88.66,85.83,90.48,6.9,35.7,84.88,Very Good
326,89.52,58.53,95.62,83.86,97.53,25.2,43.53,79.07,Very Good
327,82.17,50.02,88.52,87.2,51.1,7.9,96.55,66.78,Good
328,84.47,83.43,45.08,68.67,99.13,10.4,58.61,64.83,Acceptable
329,76.78,76.23,78.73,44.12,54.31,20.4,62.67,64.59,Acceptable
330,69.91,67.4,47.71,78.63,90.72,22.9,33.69,67.35,Good
331,74.24,70.54,58.65,75.33,64.02,14.1,32.63,73.54,Good
332,90.31,79.56,48.15,83.25,56.61,16.1,80.2,65.77,Good
333,60.58,52.57,77.0,46.04,71.99,8.0,67.67,56.88,Acceptable
334,64.64,94.8,81.39,47.67,82.2,15.6,65.61,68.86,Good
335,61.84,93.61,51.07,92.88,69.05,38.8,47.02,75.4,Very Good
336,61.63,75.77,65.34,83.75,52.73,38.1,82.13,69.53,Good
337,94.22,50.97,69.18,94.03,79.97,16.7,41.78,76.42,Very Good
338,88.15,77.41,64.56,84.32,95.12,25.0,43.3,75.79,Very Good
339,78.97,43.97,51.41,73.82,69.16,36.8,62.25,60.63,Acceptable
340,63.91,41.69,67.2,77.52,60.82,5.2,50.04,55.39,Acceptable
341,79.66,54.17,84.81,92.79,72.13,33.4,47.32,70.55,Good
342,78.94,65.44,48.76,72.62,52.42,38.2,75.17,63.08,Acceptable
343,66.93,87.75,49.25,76.11,91.02,8.2,75.57,70.84,Good
344,77.35,79.99,63.8,45.17,91.32,10.7,87.72,65.87,Good
345,75.94,80.85,94.91,65.8,79.4,38.6,59.24,82.56,Very Good
346,84.63,63.4,80.43,81.57,67.66,23.8,35.12,76.4,Very Good
347,85.4,59.03,80.97,52.61,89.99,5.5,49.16,66.88,Good
348,61.81,60.41,64.18,48.15,77.73,14.0,98.6,56.96,Acceptable
349,74.98,94.32,76.46,55.4,91.3,20.7,71.74,73.53,Good
350,85.03,42.21,45.54,50.7,81.57,29.3,79.68,58.77,Acceptable
351,80.13,87.69,78.71,48.97,89.22,30.7,30.52,70.38,Good
352,94.26,71.83,93.4,62.62,79.93,39.8,66.27,76.72,Very Good
353,86.35,64.12,77.47,94.01,70.71,15.1,32.63,72.94,Good
354,66.52,79.89,91.31,67.96,97.9,23.8,69.85,78.78,Very Good
355,62.82,66.77,83.37,47.21,77.06,23.7,94.45,65.96,Good
356,85.7,88.04,51.39,40.0,80.25,19.2,97.79,66.02,Good
357,61.06,89.54,92.83,80.25,61.02,10.9,67.84,76.21,Very Good
358,83.43,63.19,48.52,59.88,81.28,39.2,62.07,64.03,Acceptable
359,97.61,55.23,73.3,88.42,78.58,34.9,96.15,83.5,Very Good
360,83.02,72.58,52.53,77.87,59.24,22.4,77.15,64.73,Acceptable
361,75.53,90.18,45.62,86.76,52.98,26.1,34.54,62.63,Acceptable
362,85.73,51.59,67.37,52.68,80.22,13.0,62.6,64.89,Acceptable
363,78.33,74.26,60.64,80.0,88.18,24.0,46.82,71.63,Good
364,81.82,74.74,70.76,52.16,76.17,29.3,62.89,69.59,Good
365,97.66,80.32,75.59,96.04,61.34,23.0,61.88,71.97,Good
366,75.44,47.24,47.32,76.36,83.33,39.7,70.75,72.52,Good
367,98.45,79.37,51.52,56.09,54.01,26.4,54.97,64.94,Acceptable
368,96.21,90.0,74.61,52.52,72.09,18.0,41.5,65.41,Good
369,67.83,49.88,63.19,47.41,58.17,32.0,65.26,53.22,Acceptable
370,62.77,53.06,83.65,80.15,59.22,11.0,88.11,73.64,Good
371,64.03,93.43,79.57,49.22,60.11,18.5,76.48,64.58,Acceptable
372,60.73,49.95,89.82,73.69,69.34,17.1,53.69,66.14,Good
373,63.78,86.99,81.7,52.2,52.56,20.1,95.49,59.82,Acceptable
374,87.32,67.08,67.79,78.03,69.89,32.4,93.85,73.52,Good
375,62.85,53.6,80.67,87.97,75.59,21.9,44.65,71.86,Good
376,72.76,87.89,59.6,85.57,74.16,32.8,32.76,76.49,Very Good
377,93.8,64.49,61.23,84.46,69.14,25.2,81.89,69.29,Good
378,60.93,68.31,86.82,47.2,91.96,17.0,87.93,65.85,Good
379,92.58,59.76,68.66,40.75,57.27,33.3,97.75,64.0,Acceptable
380,71.27,72.61,87.31,80.43,75.28,13.3,92.29,79.95,Very Good
381,64.73,48.99,88.59,58.94,53.1,12.9,72.04,57.39,Acceptable
382,87.87,61.51,90.45,63.1,53.56,22.7,67.1,72.02,Good
383,85.16,93.32,93.58,37.02,78.69,14.1,31.95,69.7,Good
384,95.1,54.2,67.84,51.87,78.3,5.3,47.27,66.14,Good
385,89.4,76.12,61.9,37.19,93.9,27.7,62.17,67.18,Good
386,92.14,57.89,75.86,92.15,77.89,22.9,74.0,70.68,Good
387,71.28,82.54,64.67,50.82,97.99,20.6,69.01,70.32,Good
388,67.1,47.2,76.86,71.23,52.43,38.8,81.98,69.59,Good
389,90.02,93.34,82.4,37.53,54.9,25.0,49.58,62.77,Acceptable
390,92.27,64.96,81.49,78.35,52.2,35.2,69.55,72.01,Good
391,99.62,52.98,64.85,56.0,59.26,9.9,36.17,59.25,Acceptable
392,76.5,44.04,53.84,93.36,77.06,24.9,58.96,61.14,Acceptable
393,74.88,49.34,67.82,92.73,82.28,35.4,82.51,81.65,Very Good
394,91.06,68.59,52.56,56.14,52.28,25.4,78.54,58.8,Acceptable
395,73.63,58.54,92.18,93.56,97.3,30.1,99.34,87.68,Excellent
396,97.23,85.59,63.33,99.75,92.11,18.0,49.45,83.05,Very Good
397,94.34,63.7,53.19,88.65,64.83,8.2,64.87,72.8,Good
398,77.16,53.68,46.35,89.92,53.86,21.0,53.07,64.79,Acceptable
399,90.03,73.94,79.23,51.19,58.49,18.8,60.84,65.12,Good
400,90.18,78.87,78.76,72.49,56.35,35.3,89.99,72.23,Good
401,64.12,49.19,63.05,39.37,56.16,13.5,77.89,55.46,Acceptable
402,96.1,49.22,48.8,41.17,75.93,38.8,91.77,56.05,Acceptable
403,80.21,42.02,66.71,99.93,62.29,38.5,44.25,74.07,Good
404,93.06,80.5,61.49,56.23,67.91,13.7,91.14,64.29,Acceptable
405,72.8,76.51,80.89,83.63,99.48,17.2,34.18,83.35,Very Good
406,95.82,66.1,77.11,87.43,84.22,36.3,92.2,83.26,Very Good
407,75.57,86.43,64.32,90.77,97.45,38.8,53.04,85.01,Excellent
408,60.43,84.31,56.55,99.85,57.13,20.5,52.02,71.8,Good
409,96.22,72.19,97.37,50.7,69.11,16.2,65.85,66.48,Good
410,63.65,87.75,69.06,37.62,77.74,23.4,95.85,63.43,Acceptable
411,72.77,51.32,81.48,61.73,53.84,29.1,33.34,64.79,Acceptable
412,98.0,46.16,52.45,43.46,50.21,14.6,54.66,53.17,Acceptable
413,98.02,54.84,70.74,36.46,83.52,30.8,89.96,69.88,Good
414,82.94,43.14,46.46,58.43,82.09,6.8,57.72,60.03,Acceptable
415,85.27,69.21,71.79,85.94,70.54,6.7,43.94,69.0,Good
416,77.94,91.51,96.09,71.8,74.48,18.5,59.74,76.5,Very Good
417,71.73,42.16,65.36,55.33,70.77,17.4,56.99,59.89,Acceptable
418,73.15,46.72,47.07,77.53,51.2,16.0,94.08,53.13,Acceptable
419,86.9,64.87,46.64,50.08,66.77,22.2,83.34,65.58,Good
420,90.09,91.36,65.56,35.93,58.85,16.2,65.36,63.2,Acceptable
421,91.66,57.39,53.48,84.68,54.92,11.7,99.19,70.73,Good
422,91.58,67.9,46.24,75.54,97.84,15.8,62.57,67.41,Good
423,63.65,42.29,85.08,84.55,79.97,39.1,34.08,77.18,Very Good
424,79.78,48.16,69.3,37.53,86.43,19.4,48.36,67.27,Good
425,62.3,94.26,60.33,89.41,65.77,20.6,60.52,69.58,Good
426,81.98,93.08,92.7,75.27,69.66,25.2,40.98,80.96,Very Good
427,77.66,40.27,51.16,71.62,61.85,39.4,96.33,64.06,Acceptable
428,95.51,92.35,95.66,75.6,54.85,13.5,83.68,73.64,Good
429,74.04,75.15,61.64,91.19,58.95,28.8,48.78,73.12,Good
430,64.68,87.74,92.09,73.15,89.88,30.1,71.36,84.13,Very Good
431,65.72,65.01,76.96,72.76,83.88,26.3,80.5,72.18,Good
432,90.46,68.36,88.82,99.39,77.35,8.1,95.89,86.69,Excellent
433,84.73,66.89,97.15,84.19,73.75,28.7,91.71,76.91,Very Good
434,64.04,76.68,60.29,63.75,96.12,7.2,66.06,64.85,Acceptable
435,63.36,47.68,95.94,80.98,53.64,25.9,84.23,71.5,Good
436,88.04,41.65,65.64,60.3,64.03,30.9,69.35,63.47,Acceptable
437,62.91,56.94,65.43,49.88,67.5,12.4,68.69,56.72,Acceptable
438,92.87,78.76,63.04,73.8,89.12,34.5,38.03,78.62,Very Good
439,88.25,51.1,73.69,95.33,99.63,6.1,38.83,79.28,Very Good
440,63.25,77.04,53.17,95.39,62.03,34.5,67.07,75.01,Very Good
441,63.39,93.35,74.35,57.22,93.72,21.1,48.82,72.97,Good
442,99.47,45.16,73.71,69.3,91.53,12.6,31.47,72.05,Good
443,74.97,76.99,85.38,48.76,61.23,9.7,80.6,64.46,Acceptable
444,74.83,64.41,89.18,99.72,69.97,38.4,32.27,86.47,Excellent
445,92.51,87.75,68.34,98.77,70.48,7.5,71.67,76.96,Very Good
446,97.89,49.74,61.02,77.22,98.91,12.0,67.74,79.74,Very Good
447,99.44,78.09,58.74,87.29,59.04,17.2,97.82,74.18,Good
448,90.14,86.1,55.32,81.48,89.96,26.7,63.89,73.76,Good
449,75.05,91.95,48.06,73.56,66.71,24.1,34.45,71.48,Good
450,63.34,77.58,63.15,38.47,86.54,9.4,68.62,62.51,Acceptable
451,91.09,67.34,59.32,64.56,71.0,15.1,88.88,70.3,Good
452,82.34,73.98,96.22,78.86,78.92,13.4,99.78,84.4,Very Good
453,76.97,87.79,74.56,79.04,91.63,12.5,60.12,79.44,Very Good
454,96.25,71.38,63.41,59.25,90.21,19.4,52.42,69.14,Good
455,64.45,41.67,75.76,96.21,93.32,29.6,93.47,81.87,Very Good
456,79.71,91.2,52.38,45.88,52.98,12.6,43.39,57.94,Acceptable
457,60.45,77.92,68.53,67.52,84.6,17.8,73.08,73.18,Good
458,78.75,77.21,78.19,79.91,57.0,18.7,58.4,65.26,Good
459,62.25,51.86,70.91,80.31,70.79,39.2,32.88,70.31,Good
460,64.75,76.24,66.29,77.16,77.43,38.4,54.31,71.55,Good
461,64.7,61.66,97.67,52.89,70.14,33.0,48.57,74.02,Good
462,85.97,75.82,91.66,45.15,75.98,13.5,78.03,72.24,Good
463,89.84,45.86,78.04,76.34,99.83,7.4,96.42,76.98,Very Good
464,83.33,76.18,75.18,73.95,56.76,16.1,48.76,70.55,Good
465,98.49,94.97,77.9,46.66,83.77,14.3,86.8,71.23,Good
466,74.99,42.65,55.67,80.83,69.8,22.7,33.88,68.6,Good
467,71.43,93.74,65.94,64.59,56.65,32.2,67.67,75.25,Very Good
468,94.74,62.38,47.09,78.4,57.94,35.0,34.94,66.74,Good
469,68.94,87.89,70.2,89.43,97.46,34.6,95.38,89.83,Excellent
470,98.53,83.03,73.78,46.03,93.98,17.6,83.64,72.04,Good
471,60.49,71.19,57.07,36.24,95.35,29.1,76.06,61.32,Acceptable
472,98.8,80.61,96.09,85.64,99.58,15.9,87.67,89.02,Excellent
473,61.73,88.32,93.2,74.63,60.42,7.1,75.33,74.76,Good
474,95.65,62.23,83.27,80.48,67.77,29.6,97.83,76.63,Very Good
475,81.11,57.99,73.27,89.48,83.46,5.3,79.98,76.81,Very Good
476,99.72,76.72,91.11,87.18,74.19,19.3,94.73,84.41,Very Good
477,62.95,84.43,51.92,97.46,70.92,16.5,66.2,70.27,Good
478,82.15,81.93,86.9,69.84,67.89,29.3,38.19,76.05,Very Good
479,98.77,83.88,51.62,66.75,79.69,31.8,66.97,75.32,Very Good
480,80.92,63.96,87.09,61.12,78.78,15.6,38.88,70.56,Good
481,85.18,84.98,59.62,44.99,58.07,33.4,71.47,67.26,Good
482,87.83,46.61,91.49,72.22,73.59,15.3,63.77,68.29,Good
483,78.18,69.95,95.03,53.01,77.67,20.6,73.58,73.76,Good
484,85.1,40.32,52.89,94.88,78.51,30.4,30.7,66.39,Good
485,83.37,57.85,69.52,72.91,60.51,29.3,43.64,63.74,Acceptable
486,96.05,60.16,96.99,73.53,87.11,39.6,64.39,80.1,Very Good
487,61.82,61.79,70.62,58.07,51.26,12.9,96.54,57.95,Acceptable
488,71.24,78.25,90.77,38.38,67.74,28.2,56.85,64.88,Acceptable
489,98.02,61.37,76.2,37.06,89.01,26.3,59.71,66.95,Good
490,95.61,64.68,64.89,62.52,78.19,37.0,80.03,74.65,Good
491,78.23,53.06,60.15,40.5,63.06,10.5,72.27,54.51,Acceptable
492,84.81,60.53,55.77,74.45,84.75,31.3,50.92,65.98,Good
493,71.1,52.5,85.38,92.26,78.37,24.9,58.76,80.27,Very Good
494,67.52,44.03,65.49,92.39,89.81,14.6,45.24,69.09,Good
495,78.55,73.19,72.1,77.84,86.75,21.6,97.62,77.47,Very Good
496,74.13,76.75,71.09,48.73,80.51,16.7,39.14,66.81,Good
497,83.35,74.07,75.6,91.09,74.41,25.3,56.03,78.78,Very Good
498,63.11,65.49,90.88,92.6,56.66,36.1,31.81,78.18,Very Good
499,98.98,60.89,96.98,47.78,63.07,24.9,45.52,69.81,Good
500,99.45,87.48,66.6,82.93,70.95,27.1,84.63,76.35,Very Good
501,87.93,68.55,88.86,53.62,79.96,23.2,44.08,77.88,Very Good
502,81.44,66.36,85.52,87.17,75.69,6.8,35.6,75.34,Very Good
503,72.38,41.41,75.4,99.82,64.41,13.2,63.21,70.73,Good
504,92.55,58.77,95.67,36.95,50.32,22.2,30.7,63.71,Acceptable
505,87.39,60.91,55.63,93.33,74.81,15.9,35.93,71.82,Good
506,66.5,61.94,50.79,75.47,64.28,11.4,86.53,64.77,Acceptable
507,96.44,71.91,90.26,98.27,86.73,22.6,84.0,94.9,Excellent
508,92.9,69.35,68.27,65.23,51.2,16.3,94.06,65.81,Good
509,97.99,73.43,89.89,90.08,79.24,14.0,89.82,82.45,Very Good
510,89.03,82.07,92.33,39.06,97.07,21.2,77.82,75.75,Very Good
511,84.54,84.71,48.31,56.79,58.72,9.7,33.66,62.87,Acceptable
512,76.73,79.5,91.82,39.36,73.58,37.5,84.8,66.92,Good
513,97.31,92.55,68.76,98.4,54.57,35.4,89.19,75.86,Very Good
514,94.64,41.0,72.05,88.1,81.28,29.8,85.94,74.56,Good
515,61.81,50.77,78.21,90.42,77.53,8.7,65.59,67.01,Good
516,61.05,40.42,94.1,95.97,70.37,32.2,46.3,74.11,Good
517,75.06,75.61,46.01,40.53,76.07,33.3,89.17,63.52,Acceptable
518,92.42,89.39,70.27,60.06,94.83,31.9,80.9,76.04,Very Good
519,99.49,53.39,81.45,39.62,59.81,9.0,98.65,57.89,Acceptable
520,66.02,90.99,83.3,48.7,51.13,27.5,40.9,65.01,Good
521,83.77,43.31,81.7,49.91,93.08,34.2,45.8,71.46,Good
522,75.24,91.39,52.13,65.49,78.86,25.2,44.83,64.11,Acceptable
523,98.8,59.34,60.87,52.46,94.53,27.6,85.48,73.16,Good
524,93.68,45.58,64.01,41.56,79.85,21.0,43.08,62.6,Acceptable
525,93.53,66.72,87.64,45.89,90.51,23.5,34.67,74.0,Good
526,78.75,54.12,59.77,44.57,71.48,6.2,99.9,62.81,Acceptable
527,76.59,55.67,56.17,98.25,87.49,27.4,31.74,80.92,Very Good
528,70.94,56.9,95.74,84.35,95.65,7.9,88.47,79.33,Very Good
529,62.26,84.17,45.47,97.9,78.61,20.2,55.58,73.78,Good
530,94.59,69.65,97.88,63.58,59.04,15.2,88.91,72.29,Good
531,92.52,57.12,80.87,53.09,63.44,24.1,68.82,66.41,Good
532,99.99,73.57,88.91,86.89,59.93,9.7,93.11,82.99,Very Good
533,99.87,79.39,60.61,56.21,62.34,29.2,94.83,64.9,Acceptable
534,82.22,54.99,45.76,54.46,65.32,32.8,30.64,55.35,Acceptable
535,90.76,62.75,84.11,50.11,77.76,10.7,35.28,70.62,Good
536,97.79,46.7,89.21,43.43,79.4,8.7,47.53,67.88,Good
537,93.99,49.96,84.25,51.67,71.32,10.1,76.85,64.94,Acceptable
538,69.89,77.46,52.57,58.1,80.77,35.7,92.18,71.44,Good
539,78.02,49.98,84.93,78.81,54.08,23.5,62.2,69.87,Good
540,65.17,68.88,85.75,39.07,54.39,21.4,72.49,65.44,Good
541,98.16,79.0,79.9,48.68,58.59,8.7,43.19,65.01,Good
542,84.25,45.88,85.6,87.59,75.9,27.7,86.35,80.37,Very Good
543,69.15,71.2,89.83,44.55,60.7,35.4,97.71,76.07,Very Good
544,86.87,54.11,77.52,57.27,64.16,34.0,48.8,67.94,Good
545,84.73,92.96,49.7,91.2,70.02,26.9,64.64,75.9,Very Good
546,74.33,66.6,70.84,45.07,90.59,7.6,36.03,65.9,Good
547,64.54,84.33,49.12,40.38,50.69,8.9,69.14,52.64,Acceptable
548,86.86,70.26,66.6,66.49,82.47,6.7,65.19,76.93,Very Good
549,80.81,42.39,66.58,54.66,83.44,14.0,40.11,62.41,Acceptable
550,90.89,74.82,48.5,71.62,89.93,9.7,60.94,69.35,Good
551,80.81,92.33,63.49,87.25,96.64,14.1,53.39,77.69,Very Good
552,94.09,73.09,50.88,43.91,51.01,18.5,66.53,60.66,Acceptable
553,82.08,85.06,87.84,72.75,57.69,38.0,71.0,79.16,Very Good
554,82.44,88.63,95.23,67.86,94.31,26.4,30.59,79.74,Very Good
555,95.07,52.54,48.83,44.37,72.93,34.2,83.27,63.0,Acceptable
556,76.14,51.66,95.62,75.56,78.23,29.9,79.91,72.23,Good
557,65.36,73.6,72.7,52.79,83.15,8.9,55.64,66.4,Good
558,61.15,62.61,60.88,66.71,83.95,30.8,33.71,68.04,Good
559,90.21,86.19,49.07,40.35,96.59,14.6,82.85,72.26,Good
560,84.81,89.5,71.53,64.87,99.85,27.4,96.86,78.35,Very Good
561,88.16,59.44,87.11,54.92,86.01,16.9,46.81,66.71,Good
562,68.52,53.03,82.48,88.45,64.36,39.9,52.65,71.22,Good
563,65.45,82.93,47.66,38.7,93.99,14.2,42.87,56.9,Acceptable
564,60.58,55.11,48.86,62.21,52.46,14.8,70.39,59.52,Acceptable
565,74.02,85.24,66.35,64.8,61.55,37.6,40.84,73.35,Good
566,83.6,63.31,60.65,82.13,94.87,5.9,54.93,73.93,Good
567,75.69,76.72,57.32,72.33,62.81,29.4,78.79,72.46,Good
568,77.5,45.25,59.89,78.37,61.03,30.4,69.21,65.98,Good
569,96.17,74.31,87.58,85.51,56.91,34.3,57.05,77.89,Very Good
570,73.93,64.85,94.25,91.04,92.96,39.1,59.42,84.18,Very Good
571,80.56,72.26,66.47,55.4,75.0,39.1,69.35,68.47,Good
572,91.35,49.24,93.02,69.97,83.74,7.3,30.41,67.16,Good
573,75.86,80.53,62.04,89.61,61.95,33.8,35.5,73.65,Good
574,84.88,87.45,70.25,99.31,87.9,27.6,91.69,85.98,Excellent
575,94.49,51.92,56.98,92.82,88.0,27.7,35.45,76.9,Very Good
576,97.98,45.26,78.95,59.15,65.63,9.5,79.48,65.73,Good
577,65.88,41.3,96.89,47.69,70.53,27.8,94.4,65.89,Good
578,97.06,75.31,76.99,66.81,60.48,39.4,48.95,69.96,Good
579,79.68,73.39,63.96,83.21,98.83,36.9,55.93,79.96,Very Good
580,70.33,70.07,79.33,67.02,82.28,20.4,69.82,74.87,Good
581,78.37,52.76,51.51,66.41,96.73,6.4,91.72,63.96,Acceptable
582,99.2,61.5,92.1,89.48,65.17,17.7,95.93,80.24,Very Good
583,79.7,72.7,71.66,58.49,89.09,33.9,81.77,74.68,Good
584,73.15,67.32,68.82,90.89,88.29,29.6,36.06,74.9,Good
585,85.34,94.33,76.05,61.44,84.58,21.1,76.84,74.88,Good
586,69.61,47.5,78.11,56.34,98.28,6.9,58.72,67.94,Good
587,63.03,78.23,48.8,64.51,69.68,19.9,62.95,60.1,Acceptable
588,65.16,62.24,81.18,84.56,56.54,21.4,33.44,69.93,Good
589,65.12,63.55,57.82,43.19,83.59,37.5,43.37,59.29,Acceptable
590,66.08,79.47,82.84,47.77,86.47,27.4,85.34,75.22,Very Good
591,65.55,78.08,88.59,96.84,78.75,15.9,61.78,88.04,Excellent
592,85.63,94.52,87.61,46.41,60.34,23.4,51.12,66.83,Good
593,67.28,47.06,74.28,71.9,75.22,7.3,56.88,67.02,Good
594,73.83,45.73,72.57,72.66,65.61,39.0,89.81,67.23,Good
595,95.87,79.84,52.57,66.83,71.37,17.6,82.43,72.5,Good
596,78.96,71.81,86.09,76.91,82.26,21.7,49.06,72.94,Good
597,86.7,55.08,59.38,49.94,87.26,17.4,38.23,64.28,Acceptable
598,66.89,44.37,71.32,70.92,61.61,28.9,47.64,61.04,Acceptable
599,67.69,44.71,60.07,59.19,70.27,28.2,94.45,61.96,Acceptable
600,61.63,89.18,52.09,78.01,63.46,30.0,70.71,66.35,Good
601,66.76,50.55,78.37,44.18,59.93,14.4,67.34,60.6,Acceptable
602,71.14,57.79,47.88,72.11,89.17,16.0,71.75,64.3,Acceptable
603,67.08,52.47,84.68,47.04,95.46,9.4,55.62,67.98,Good
604,63.55,59.52,61.83,53.11,68.51,27.9,86.5,61.42,Acceptable
605,64.83,43.82,45.01,49.22,87.56,6.4,66.63,55.66,Acceptable
606,78.43,68.55,72.09,46.88,94.85,25.9,38.17,68.83,Good
607,68.25,43.72,47.48,88.67,92.31,35.4,39.03,67.6,Good
608,74.57,84.02,59.64,53.57,59.14,36.2,67.58,65.74,Good
609,80.14,52.85,82.47,95.26,97.81,20.7,95.56,87.77,Excellent
610,87.62,69.7,48.32,98.05,68.83,21.1,51.58,70.04,Good
611,61.57,88.4,89.48,72.13,66.96,7.7,90.87,77.76,Very Good
612,91.98,75.8,45.2,44.3,53.12,28.5,83.49,63.53,Acceptable
613,85.12,69.31,58.08,59.35,74.31,33.7,47.35,64.36,Acceptable
614,63.27,57.84,84.27,86.85,55.45,13.6,32.54,63.62,Acceptable
615,94.94,58.32,61.76,58.88,62.43,19.7,37.13,63.03,Acceptable
616,96.83,76.82,50.4,40.66,65.85,34.4,80.99,61.32,Acceptable
617,62.44,94.68,64.09,71.19,90.44,35.7,43.98,81.42,Very Good
618,71.08,76.4,59.33,89.93,93.77,13.5,55.99,76.26,Very Good
619,92.25,70.68,89.66,86.74,65.12,24.3,65.12,76.35,Very Good
620,89.93,80.19,61.61,46.38,92.93,11.7,80.78,65.59,Good
621,67.38,65.59,86.81,78.73,92.86,8.6,37.93,78.43,Very Good
622,68.37,43.31,92.27,49.33,88.23,36.9,58.45,67.59,Good
623,74.82,70.93,67.99,49.18,57.33,33.7,63.96,63.03,Acceptable
624,79.38,92.67,93.23,91.81,84.52,31.6,67.86,90.55,Excellent
625,84.73,49.64,65.0,51.23,97.25,6.7,87.29,64.93,Acceptable
626,74.76,77.95,96.1,52.11,84.13,34.5,42.02,74.52,Good
627,78.5,51.05,49.73,35.04,66.58,20.3,86.55,54.35,Acceptable
628,89.9,69.47,81.41,91.59,75.03,17.0,78.5,81.7,Very Good
629,61.47,45.32,71.17,86.52,82.29,24.1,68.91,73.5,Good
630,70.1,64.77,65.55,75.78,75.53,8.2,78.97,68.2,Good
631,88.53,81.59,78.53,83.77,56.0,31.5,58.84,76.01,Very Good
632,95.81,59.12,82.3,44.88,65.6,25.4,39.69,63.29,Acceptable
633,80.47,76.57,45.23,64.79,90.12,11.5,76.6,63.64,Acceptable
634,81.28,83.75,53.85,57.83,93.07,11.6,66.73,70.09,Good
635,64.29,90.99,82.79,41.1,56.87,11.4,74.76,69.13,Good
636,77.9,52.91,80.32,66.6,97.62,7.0,53.66,68.87,Good
637,81.3,61.96,96.2,94.85,66.44,25.6,93.48,79.22,Very Good
638,69.7,48.38,85.34,37.6,83.12,34.4,71.12,62.56,Acceptable
639,70.77,94.59,95.39,53.94,87.59,5.6,35.98,76.02,Very Good
640,75.09,90.99,82.23,48.49,90.6,6.7,61.49,73.1,Good
641,60.8,69.7,60.8,50.48,97.29,25.0,82.94,67.57,Good
642,72.88,86.31,50.58,94.05,65.65,33.7,85.59,72.73,Good
643,68.46,68.65,86.44,65.42,92.93,16.4,64.62,74.93,Good
644,73.1,74.3,79.14,65.31,56.58,17.2,92.63,64.02,Acceptable
645,64.79,44.9,47.55,84.44,85.25,25.9,48.74,66.99,Good
646,95.62,81.54,64.08,45.04,87.1,14.6,58.74,70.67,Good
647,83.74,47.02,95.71,66.67,83.89,5.9,92.9,69.65,Good
648,87.16,85.43,71.52,62.95,62.62,30.7,92.74,67.98,Good
649,91.57,83.01,67.93,73.8,93.65,26.9,78.0,84.38,Very Good
650,79.94,78.98,69.26,99.97,58.44,25.3,90.13,76.21,Very Good
651,63.48,41.99,56.07,85.01,52.68,31.0,36.21,64.74,Acceptable
652,81.48,56.67,64.54,60.86,85.87,28.6,90.55,69.59,Good
653,83.47,54.47,64.6,88.79,73.77,12.2,52.44,70.05,Good
654,89.82,59.81,47.77,46.1,92.45,17.3,42.48,63.13,Acceptable
655,77.27,44.82,85.68,36.98,69.17,9.4,46.76,55.53,Acceptable
656,65.1,91.53,67.07,48.29,58.41,9.5,59.26,61.96,Acceptable
657,71.35,70.46,88.58,57.13,91.82,28.7,47.58,72.88,Good
658,74.52,56.8,90.07,68.19,77.45,35.1,52.44,69.56,Good
659,85.84,61.83,56.24,74.98,59.46,38.7,39.45,67.57,Good
660,82.83,64.6,79.84,94.19,86.02,27.0,50.73,79.81,Very Good
661,74.24,73.03,70.03,68.14,75.56,11.4,70.06,68.99,Good
662,99.46,68.36,91.65,67.58,80.22,8.7,60.93,71.97,Good
663,84.23,90.57,56.43,38.27,73.04,33.4,54.27,69.14,Good
664,69.49,67.33,80.92,37.27,91.44,25.3,82.25,70.74,Good
665,64.07,94.57,77.21,70.83,91.48,26.6,92.55,82.89,Very Good
666,66.11,86.83,60.65,63.48,85.47,32.4,82.98,72.01,Good
667,69.84,51.47,52.24,89.55,55.27,29.6,53.24,59.77,Acceptable
668,66.43,91.18,79.54,45.44,91.94,34.2,82.11,80.22,Very Good
669,67.46,46.4,84.15,36.62,83.55,7.0,40.64,59.12,Acceptable
670,71.4,84.96,61.73,64.19,84.85,31.2,39.12,68.85,Good
671,66.93,60.93,79.18,50.44,68.15,34.8,54.19,66.22,Good
672,95.87,88.29,65.94,38.22,93.96,15.0,86.54,74.07,Good
673,63.21,87.74,82.8,82.1,86.27,27.4,47.24,79.54,Very Good
674,80.98,84.33,55.56,42.25,55.63,16.0,34.43,61.1,Acceptable
675,76.42,83.45,92.18,74.54,70.39,38.5,39.22,81.33,Very Good
676,99.3,56.76,60.23,53.27,94.32,6.2,90.11,64.72,Acceptable
677,64.48,44.45,64.49,46.28,52.36,25.3,74.36,52.91,Acceptable
678,75.91,62.16,48.08,59.68,98.07,10.8,47.72,67.68,Good
679,98.78,49.54,50.91,87.09,83.96,29.9,68.87,65.1,Good
680,94.62,78.22,72.34,60.49,81.57,11.2,66.93,71.39,Good
681,92.68,59.04,59.18,83.8,63.53,13.2,75.88,64.77,Acceptable
682,70.32,93.66,89.28,43.16,62.44,22.3,46.32,65.89,Good
683,66.84,75.25,45.78,85.23,97.1,37.0,90.51,76.11,Very Good
684,86.75,85.24,65.09,50.4,64.91,12.4,51.66,63.12,Acceptable
685,97.18,47.29,62.88,79.03,88.78,10.0,78.59,70.43,Good
686,82.27,87.41,46.02,71.78,69.66,31.6,31.13,64.63,Acceptable
687,82.86,90.75,51.59,95.39,56.96,22.5,56.09,79.95,Very Good
688,71.2,66.79,66.92,60.18,50.54,36.9,54.62,68.62,Good
689,90.78,73.34,71.12,39.3,77.21,10.1,68.04,60.75,Acceptable
690,67.48,82.06,66.43,36.25,98.79,27.6,35.09,71.11,Good
691,72.95,49.62,73.14,88.75,68.46,13.2,85.31,69.95,Good
692,77.02,67.64,76.54,69.11,67.86,10.5,45.24,67.97,Good
693,80.3,61.93,45.53,85.39,67.2,28.9,77.39,68.51,Good
694,69.7,48.05,69.6,50.24,76.03,25.8,86.22,61.42,Acceptable
695,64.59,60.21,96.07,57.43,72.03,31.4,69.33,73.81,Good
696,84.42,43.75,72.51,36.96,94.0,15.8,81.86,63.99,Acceptable
697,71.55,41.42,80.91,97.5,75.28,20.7,76.33,73.95,Good
698,83.25,47.43,61.53,78.41,75.39,19.2,54.89,63.66,Acceptable
699,66.17,92.97,86.02,95.66,56.92,39.4,86.62,79.65,Very Good
700,79.25,70.22,85.96,52.26,99.14,15.2,50.63,68.05,Good
701,81.3,93.12,72.63,74.75,62.5,15.3,69.98,73.26,Good
702,62.07,63.79,96.73,79.1,53.67,17.4,82.18,68.33,Good
703,73.46,57.15,51.65,55.64,83.16,24.8,56.53,61.92,Acceptable
704,65.38,67.84,45.9,90.13,79.77,13.8,51.19,72.78,Good
705,62.53,64.17,85.82,96.57,70.76,37.0,62.15,82.67,Very Good
706,99.6,45.81,87.78,92.52,71.11,14.3,87.26,77.79,Very Good
707,72.89,75.25,51.37,83.04,89.25,36.4,95.09,76.5,Very Good
708,92.39,51.88,59.08,53.04,59.79,8.6,68.16,64.18,Acceptable
709,70.19,74.08,45.93,53.31,91.01,28.0,76.3,67.72,Good
710,87.26,75.76,60.55,97.62,82.44,36.7,93.23,81.36,Very Good
711,90.41,48.36,85.98,35.67,70.95,10.9,36.9,55.53,Acceptable
712,83.83,43.37,72.45,81.54,72.9,38.9,46.25,72.7,Good
713,78.86,82.94,63.45,80.91,62.83,20.9,79.62,74.89,Good
714,76.47,65.29,64.7,75.47,87.61,38.1,87.66,74.02,Good
715,73.95,43.2,45.07,99.36,75.64,28.7,89.99,71.82,Good
716,97.18,94.72,60.89,55.27,66.04,15.6,59.06,66.94,Good
717,93.22,43.18,79.26,57.1,79.8,11.6,36.25,64.6,Acceptable
718,98.6,78.23,96.63,40.13,99.79,15.6,60.64,68.43,Good
719,64.97,94.1,89.89,63.78,71.76,8.3,46.15,71.56,Good
720,89.23,53.15,46.25,51.97,96.03,10.0,50.38,65.03,Good
721,97.53,47.82,92.62,57.32,67.25,8.7,84.06,66.62,Good
722,67.25,46.68,86.51,89.25,52.74,19.8,35.29,68.28,Good
723,62.66,56.68,86.36,95.81,60.21,32.8,87.93,74.27,Good
724,89.64,45.56,69.27,47.07,70.93,9.9,59.94,60.93,Acceptable
725,82.98,78.07,66.09,59.21,60.98,9.6,71.72,64.36,Acceptable
726,93.67,43.43,61.05,95.36,50.01,27.5,36.28,64.37,Acceptable
727,65.59,68.02,48.48,39.02,95.75,11.9,53.62,63.53,Acceptable
728,91.81,94.82,57.1,41.0,92.19,8.4,36.28,69.17,Good
729,68.07,84.77,58.07,45.58,87.11,10.8,97.31,64.36,Acceptable
730,66.55,73.84,70.66,73.69,58.39,37.3,86.51,72.45,Good
731,66.57,56.84,84.61,44.78,56.02,33.8,62.17,63.45,Acceptable
732,92.58,74.31,70.11,97.92,53.38,17.4,45.65,75.97,Very Good
733,86.61,68.99,48.07,64.04,86.2,28.0,95.34,65.05,Good
734,80.92,63.43,95.76,67.6,96.44,23.8,54.12,81.65,Very Good
735,74.35,47.19,94.96,51.03,71.53,28.7,41.27,64.51,Acceptable
736,95.09,88.76,86.62,65.61,55.96,28.9,69.42,73.75,Good
737,75.7,64.74,97.54,78.02,75.62,27.0,96.06,87.51,Excellent
738,92.66,50.7,73.86,83.83,67.44,14.3,30.27,70.3,Good
739,77.57,60.23,96.03,84.0,68.74,6.4,46.67,72.71,Good
740,75.08,62.78,49.01,72.56,81.07,20.9,95.69,61.87,Acceptable
741,78.51,85.51,64.38,93.78,85.94,36.2,41.98,84.98,Very Good
742,72.06,80.35,56.95,88.13,55.53,24.9,37.93,64.76,Acceptable
743,89.9,82.31,55.38,84.21,51.78,34.1,69.91,68.57,Good
744,80.11,40.61,52.46,38.61,99.72,39.7,90.33,62.68,Acceptable
745,69.29,62.89,77.99,35.45,61.64,10.7,63.4,61.91,Acceptable
746,95.98,66.47,86.41,48.81,52.69,29.2,99.62,70.54,Good
747,75.36,41.06,75.65,78.13,59.49,28.6,77.54,67.23,Good
748,81.74,54.29,52.79,61.73,51.95,39.3,35.19,60.29,Acceptable
749,96.26,81.82,87.99,61.16,69.59,39.5,99.5,76.81,Very Good
750,84.97,47.54,78.71,92.5,90.12,29.0,58.55,79.49,Very Good
751,64.68,69.44,65.57,93.21,67.06,13.5,50.12,71.13,Good
752,97.59,51.84,80.73,94.1,72.21,32.9,69.05,82.12,Very Good
753,85.11,40.67,58.77,55.4,83.78,8.7,51.3,63.53,Acceptable
754,73.4,53.27,63.3,79.92,75.44,32.3,36.05,70.38,Good
755,65.57,93.67,93.63,52.66,93.07,36.9,30.1,76.14,Very Good
756,91.76,84.08,60.4,47.39,93.3,18.4,61.47,71.97,Good
757,84.8,92.78,69.91,47.0,50.5,27.1,88.58,65.77,Good
758,81.34,66.83,92.18,57.24,88.9,20.1,70.06,71.45,Good
759,95.76,46.04,82.51,62.95,73.04,20.3,99.94,69.65,Good
760,91.54,70.14,48.3,89.01,99.44,15.9,50.08,76.22,Very Good
761,66.07,64.99,52.81,42.79,74.16,31.7,49.63,61.62,Acceptable
762,72.47,86.44,45.42,82.77,99.34,37.8,41.18,76.09,Very Good
763,69.94,45.39,78.44,69.54,87.73,37.9,41.48,67.61,Good
764,89.76,66.85,68.73,53.72,62.43,11.1,49.96,62.72,Acceptable
765,61.34,48.25,52.12,67.03,76.92,35.6,85.5,65.0,Good
766,82.8,57.86,95.77,54.5,99.61,30.8,93.4,78.74,Very Good
767,90.5,80.55,73.07,73.75,92.88,13.8,98.26,82.16,Very Good
768,95.07,66.18,57.82,63.2,54.87,7.4,46.26,64.06,Acceptable
769,73.68,60.67,71.53,45.69,85.32,14.4,91.69,63.86,Acceptable
770,92.85,61.7,81.02,42.58,67.28,36.9,52.98,64.26,Acceptable
771,64.43,65.27,49.04,70.54,50.35,27.2,37.9,55.91,Acceptable
772,93.86,83.18,59.56,93.66,70.17,30.2,90.9,81.64,Very Good
773,65.1,89.06,87.77,57.36,61.74,14.0,74.53,73.93,Good
774,75.89,92.54,69.36,82.65,90.94,30.2,41.53,79.1,Very Good
775,91.89,83.28,73.97,77.81,66.87,6.0,60.09,72.33,Good
776,66.0,57.35,67.94,95.55,91.38,18.1,50.11,80.13,Very Good
777,69.17,77.85,47.33,88.36,50.03,26.9,81.58,69.12,Good
778,88.89,64.07,53.78,71.83,65.39,10.1,61.74,65.95,Good
779,88.8,54.01,68.61,77.71,62.06,33.8,99.25,68.16,Good
780,85.65,86.25,56.09,93.4,61.68,13.2,33.83,73.78,Good
781,87.76,42.11,47.65,60.97,53.41,27.8,54.85,53.98,Acceptable
782,81.71,89.6,89.71,56.24,59.36,19.2,63.73,67.67,Good
783,70.07,65.38,97.0,35.7,77.78,25.9,65.22,66.15,Good
784,73.83,75.05,87.04,88.73,64.57,8.8,52.12,73.09,Good
785,67.26,76.26,90.25,87.06,70.87,5.6,81.05,76.24,Very Good
786,96.34,89.23,57.82,41.79,68.84,36.8,91.23,63.64,Acceptable
787,83.34,75.02,95.91,72.5,93.8,14.4,95.71,85.12,Excellent
788,76.03,73.77,55.44,65.16,95.26,33.7,86.36,77.01,Very Good
789,78.48,43.67,95.43,42.72,74.65,40.0,89.54,62.72,Acceptable
790,97.89,68.51,97.73,98.74,66.51,12.4,68.54,85.51,Excellent
791,66.13,48.26,82.72,48.96,55.34,14.3,87.81,57.45,Acceptable
792,83.45,80.56,97.0,39.37,97.67,28.2,51.25,77.86,Very Good
793,80.24,68.17,75.19,73.67,53.01,38.8,57.89,69.84,Good
794,84.46,77.41,58.76,83.03,64.88,37.1,52.18,72.87,Good
795,60.72,42.29,68.16,37.11,64.9,22.6,62.72,53.71,Acceptable
796,94.88,44.66,76.46,77.82,66.02,32.8,49.99,74.38,Good
797,97.28,79.4,48.87,69.6,58.21,9.8,97.31,62.82,Acceptable
798,82.61,43.96,77.98,41.71,89.16,39.2,51.9,68.03,Good
799,87.87,43.92,97.0,46.21,56.12,38.8,36.86,67.54,Good
800,96.9,40.67,55.08,71.92,81.75,10.7,66.88,67.97,Good
801,88.29,92.61,87.01,54.26,56.19,15.5,34.0,75.53,Very Good
802,66.1,80.56,93.12,95.99,53.53,8.5,37.74,73.38,Good
803,83.05,59.43,95.02,88.22,95.47,14.5,45.36,84.33,Very Good
804,84.27,56.31,95.89,98.93,59.51,33.6,62.5,79.69,Very Good
805,76.97,59.23,72.64,51.88,91.06,18.2,60.33,71.29,Good
806,89.46,82.61,96.8,98.03,77.23,8.1,85.98,85.94,Excellent
807,97.37,76.38,85.14,63.03,53.89,17.0,81.76,69.8,Good
808,97.02,50.19,53.57,57.59,97.77,39.3,59.84,73.72,Good
809,78.03,49.58,70.28,38.27,62.35,27.0,53.36,55.91,Acceptable
810,64.53,45.41,83.07,38.43,92.98,19.6,52.15,58.9,Acceptable
811,99.39,76.32,58.11,79.98,58.44,10.8,84.18,68.7,Good
812,93.56,82.04,78.95,64.77,92.7,39.5,33.65,80.66,Very Good
813,64.99,54.58,80.33,49.72,50.66,33.7,30.9,63.25,Acceptable
814,96.83,41.15,53.62,74.91,75.59,14.9,85.69,66.9,Good
815,94.8,44.52,74.95,51.44,88.47,7.5,63.4,69.76,Good
816,80.75,93.23,85.9,72.55,96.74,7.0,39.16,75.48,Very Good
817,83.65,56.25,71.44,58.35,95.46,9.2,46.49,66.92,Good
818,75.96,82.31,45.64,88.53,90.98,25.3,95.28,76.46,Very Good
819,62.19,74.36,45.48,88.35,94.41,37.5,90.17,76.29,Very Good
820,73.41,61.01,63.92,66.03,59.96,22.4,79.68,64.81,Acceptable
821,92.11,51.31,94.09,57.8,64.21,34.5,63.76,72.59,Good
822,60.19,46.68,57.12,58.57,64.45,20.6,66.42,56.54,Acceptable
823,73.34,73.83,78.62,87.37,68.85,29.8,98.27,78.8,Very Good
824,75.93,82.6,56.77,56.33,69.67,30.6,97.6,67.93,Good
825,81.5,75.41,62.05,48.59,77.23,11.1,45.07,60.33,Acceptable
826,96.79,69.17,89.95,40.5,57.99,17.6,86.78,65.97,Good
827,73.85,42.31,83.63,65.34,84.56,27.3,43.81,68.88,Good
828,73.88,93.27,50.06,66.34,58.38,7.5,44.95,62.34,Acceptable
829,89.5,83.93,67.72,89.66,65.52,17.7,77.33,76.77,Very Good
830,78.09,56.11,46.55,49.38,75.17,23.7,58.35,59.02,Acceptable
831,68.98,93.9,70.49,59.76,89.82,39.9,95.21,76.43,Very Good
832,78.1,73.1,80.11,87.55,86.97,21.6,36.23,82.41,Very Good
833,65.63,72.03,51.28,88.54,82.28,33.6,65.81,70.19,Good
834,67.06,81.14,60.31,60.0,57.79,20.1,94.3,62.56,Acceptable
835,79.93,84.65,66.09,64.84,77.35,32.9,93.29,82.7,Very Good
836,76.76,76.11,93.74,54.71,54.37,25.8,40.96,64.56,Acceptable
837,96.59,47.05,97.64,95.62,68.87,36.0,55.66,77.15,Very Good
838,74.5,58.6,47.38,42.71,70.68,19.4,73.34,58.82,Acceptable
839,83.22,91.04,85.33,95.69,51.99,26.2,41.16,72.46,Good
840,85.29,52.35,64.7,79.45,63.7,27.1,97.76,69.49,Good
841,60.52,60.47,65.8,69.55,97.78,19.6,94.03,78.82,Very Good
842,86.54,63.76,84.98,37.12,97.68,10.1,41.69,62.74,Acceptable
843,67.12,64.17,93.68,65.91,67.62,8.3,38.48,62.09,Acceptable
844,98.44,73.71,95.4,61.5,52.16,5.6,35.98,63.79,Acceptable
845,65.95,91.87,75.59,45.48,58.95,35.6,93.66,70.48,Good
846,76.58,53.24,63.93,77.67,69.61,13.3,43.55,68.98,Good
847,63.41,46.68,86.74,98.12,97.39,12.4,59.14,77.67,Very Good
848,99.87,50.86,58.3,71.54,57.06,30.8,61.42,67.54,Good
849,80.09,88.78,74.9,81.46,88.18,16.2,71.93,84.1,Very Good
850,83.82,75.52,64.0,39.45,55.43,22.7,35.02,63.41,Acceptable
851,62.68,55.72,79.8,62.15,99.06,10.7,45.87,68.83,Good
852,90.0,84.88,57.74,42.56,69.08,38.6,95.2,60.42,Acceptable
853,68.4,87.38,55.15,74.83,88.76,34.8,93.59,74.0,Good
854,95.92,86.56,93.67,96.0,67.13,35.2,84.69,86.09,Excellent
855,68.21,90.54,50.4,78.02,81.38,19.2,31.36,69.46,Good
856,67.63,53.87,71.82,39.99,59.6,31.7,52.89,57.17,Acceptable
857,61.46,81.53,56.71,58.05,57.3,10.0,73.96,64.0,Acceptable
858,78.88,65.33,47.06,70.79,96.9,5.3,49.26,71.13,Good
859,82.59,86.31,46.91,61.21,95.88,5.7,93.67,69.95,Good
860,62.63,80.07,54.29,89.19,94.37,25.5,74.37,80.51,Very Good
861,91.02,82.7,90.94,87.95,81.27,20.9,35.03,83.38,Very Good
862,78.13,76.09,59.97,74.77,90.41,23.1,93.63,75.76,Very Good
863,80.98,49.76,95.37,59.27,53.45,5.3,97.04,68.37,Good
864,77.63,69.98,75.83,51.6,66.74,19.8,35.44,64.13,Acceptable
865,76.03,94.16,68.14,41.88,65.69,30.1,67.27,72.27,Good
866,82.39,91.56,75.74,58.07,81.78,20.5,51.24,68.8,Good
867,66.21,42.37,72.39,61.86,67.8,30.6,57.5,61.64,Acceptable
868,67.28,49.06,85.22,78.93,57.43,13.2,42.58,65.74,Good
869,94.47,47.25,59.97,77.78,79.82,33.5,70.47,72.96,Good
870,97.84,79.93,63.71,39.56,90.72,25.6,97.06,74.41,Good
871,74.93,84.98,92.39,60.69,69.11,12.4,65.22,72.45,Good
872,70.83,51.74,95.16,46.82,56.61,13.3,35.8,56.09,Acceptable
873,85.76,67.82,92.31,45.19,59.83,27.0,73.4,70.05,Good
874,76.35,86.24,67.23,88.77,61.87,34.0,53.82,77.8,Very Good
875,61.02,80.3,86.36,37.72,64.99,19.5,89.91,58.96,Acceptable
876,66.25,69.82,70.25,62.25,82.14,14.0,60.43,67.9,Good
877,88.64,72.47,71.37,45.93,80.05,35.3,43.5,63.32,Acceptable
878,86.36,67.96,55.85,92.16,84.8,28.4,43.38,73.73,Good
879,61.08,56.37,76.33,71.21,68.13,20.7,83.81,65.32,Good
880,68.88,71.08,54.87,50.04,91.2,22.1,48.59,66.89,Good
881,69.24,77.89,62.57,67.66,60.2,12.1,83.71,66.13,Good
882,86.88,88.03,90.32,82.55,73.45,26.9,44.41,77.01,Very Good
883,60.79,75.0,55.98,97.28,90.05,17.6,52.52,78.31,Very Good
884,64.16,81.86,48.77,49.33,59.01,39.8,62.58,56.39,Acceptable
885,92.0,48.8,48.66,92.6,55.49,21.8,96.02,69.02,Good
886,67.14,65.39,94.86,95.73,94.18,22.0,95.22,83.33,Very Good
887,86.11,40.51,71.87,94.57,67.15,24.8,44.48,70.36,Good
888,69.53,53.57,66.7,76.3,84.19,37.1,55.08,73.14,Good
889,63.98,79.96,87.98,75.94,51.27,33.0,40.46,72.94,Good
890,69.73,94.55,89.3,61.21,84.5,20.8,65.7,81.11,Very Good
891,88.89,45.45,62.61,83.91,65.81,30.2,62.24,69.0,Good
892,94.23,62.08,81.76,69.53,52.79,25.5,93.05,71.79,Good
893,93.21,84.0,85.87,79.03,80.49,22.2,95.1,81.17,Very Good
894,75.89,51.22,79.7,62.85,62.04,11.7,56.85,64.19,Acceptable
895,86.72,70.53,53.03,82.55,69.34,21.2,64.42,71.56,Good
896,68.2,80.32,91.42,88.59,54.03,13.6,92.74,76.15,Very Good
897,71.73,73.88,73.57,44.52,57.36,37.0,86.47,59.11,Acceptable
898,95.85,50.34,59.97,89.14,64.9,16.7,30.26,69.0,Good
899,60.52,59.55,67.54,70.12,54.49,38.3,52.4,65.42,Good
900,63.42,83.11,46.99,89.9,95.54,23.7,59.52,73.68,Good
901,68.32,70.48,51.78,63.03,50.3,27.1,46.08,55.42,Acceptable
902,61.06,40.29,85.57,59.64,74.19,24.0,43.97,68.64,Good
903,67.26,81.85,45.0,94.48,56.16,9.5,32.64,67.15,Good
904,83.32,41.94,67.08,51.33,65.38,18.2,75.04,59.28,Acceptable
905,76.86,81.02,72.69,89.87,96.3,8.5,48.38,76.17,Very Good
906,95.71,51.14,47.9,66.46,58.08,26.8,33.66,57.62,Acceptable
907,92.7,92.69,96.57,68.42,98.29,20.6,46.17,88.05,Excellent
908,73.67,60.24,56.98,55.05,60.29,32.2,86.13,62.37,Acceptable
909,70.38,57.98,61.12,72.25,87.08,12.7,89.6,67.85,Good
910,75.19,48.19,61.11,56.14,77.33,10.8,63.81,62.54,Acceptable
911,83.61,56.81,57.21,37.55,94.22,19.2,59.12,59.47,Acceptable
912,70.72,88.22,45.08,52.68,77.7,37.4,98.45,72.13,Good
913,84.97,94.8,83.66,35.41,76.73,29.9,44.04,73.64,Good
914,76.38,60.26,96.24,98.59,59.77,19.7,45.08,75.84,Very Good
915,82.08,64.67,56.89,97.77,58.31,23.1,50.43,68.92,Good
916,77.45,79.71,80.14,60.69,95.82,7.9,42.09,65.31,Good
917,71.78,88.74,84.32,82.34,66.39,39.5,56.56,74.53,Good
918,97.94,72.62,89.97,57.48,68.6,28.3,93.76,70.98,Good
919,90.54,61.53,67.4,78.62,87.99,15.0,73.07,74.95,Good
920,65.6,62.69,61.06,87.35,66.94,25.5,58.84,68.55,Good
921,94.74,78.26,62.24,96.54,97.6,8.8,95.41,79.15,Very Good
922,79.5,40.18,82.77,61.01,86.9,38.8,33.39,68.84,Good
923,95.78,74.08,88.29,85.91,79.87,11.1,44.72,80.94,Very Good
924,91.99,59.55,54.63,52.29,94.04,27.7,69.61,69.46,Good
925,77.01,83.68,64.66,99.37,52.48,13.6,73.09,68.18,Good
926,60.9,45.11,92.8,36.68,62.85,30.1,32.77,58.17,Acceptable
927,70.75,72.35,87.75,74.23,73.25,32.2,58.21,71.47,Good
928,81.67,66.45,97.2,77.87,61.35,28.6,75.44,79.36,Very Good
929,85.34,75.33,84.98,79.72,87.2,26.5,78.86,83.81,Very Good
930,70.32,43.57,65.84,42.83,95.96,36.2,74.67,62.2,Acceptable
931,65.57,71.9,76.3,96.0,71.19,7.8,52.44,72.13,Good
932,93.4,70.88,80.03,46.78,67.11,16.6,36.55,63.61,Acceptable
933,99.38,70.84,49.16,75.48,98.08,13.7,59.9,66.83,Good
934,81.03,73.19,73.86,49.47,72.24,39.6,39.01,68.58,Good
935,66.87,77.21,82.59,54.97,74.45,18.6,96.33,69.75,Good
936,70.89,84.27,53.87,70.52,67.58,30.6,63.26,71.55,Good
937,60.74,54.84,86.37,62.12,95.48,29.0,52.21,69.14,Good
938,96.57,85.38,75.94,45.41,78.45,12.4,83.64,68.57,Good
939,64.71,67.4,95.47,46.11,88.11,13.4,64.86,65.22,Good
940,83.06,44.24,47.25,62.18,90.59,14.8,51.7,59.48,Acceptable
941,70.96,43.22,59.06,84.22,67.09,19.4,86.84,63.09,Acceptable
942,82.17,58.38,76.88,93.37,71.68,13.2,90.7,79.2,Very Good
943,86.06,83.17,60.72,40.47,92.42,5.7,77.11,64.3,Acceptable
944,93.19,78.92,82.86,60.55,68.16,35.8,33.29,73.01,Good
945,68.26,83.37,85.23,41.52,89.7,38.8,69.64,71.88,Good
946,60.44,68.45,50.43,36.08,97.05,17.0,83.43,57.31,Acceptable
947,65.48,64.21,72.23,78.01,81.16,16.8,39.56,69.94,Good
948,96.0,48.11,71.97,74.16,87.08,5.2,46.01,71.92,Good
949,94.96,58.05,64.57,45.6,90.25,28.8,91.77,65.13,Good
950,83.9,63.87,94.45,50.2,92.25,33.9,31.41,76.09,Very Good
951,84.02,44.87,88.86,36.54,69.75,10.1,82.69,58.84,Acceptable
952,86.6,52.13,81.95,89.27,52.56,10.6,63.16,68.73,Good
953,67.01,72.9,82.86,98.35,70.09,32.7,61.27,81.55,Very Good
954,96.58,80.46,69.47,43.8,83.69,26.6,30.5,66.17,Good
955,76.75,94.91,93.81,50.05,72.52,6.6,87.36,72.99,Good
956,75.33,91.32,81.81,91.45,87.45,26.8,55.19,83.11,Very Good
957,80.76,75.34,83.64,95.22,67.85,15.8,67.85,79.24,Very Good
958,61.88,63.17,90.67,62.28,81.74,17.9,77.41,64.68,Acceptable
959,66.65,74.99,59.53,38.29,59.32,31.9,79.18,53.72,Acceptable
960,89.52,83.21,87.77,37.56,87.47,33.4,96.92,76.74,Very Good
961,63.31,46.51,55.35,72.31,77.28,19.0,67.19,66.76,Good
962,84.13,62.54,63.3,60.54,60.2,38.2,57.98,62.57,Acceptable
963,69.81,86.19,62.79,36.86,64.6,19.2,96.76,61.11,Acceptable
964,75.57,61.11,96.86,72.91,87.43,32.0,74.95,80.44,Very Good
965,71.55,71.45,90.4,35.73,74.13,21.9,50.87,67.08,Good
966,74.23,72.33,82.16,86.18,60.8,36.4,38.85,68.82,Good
967,88.76,50.15,83.53,54.92,98.36,36.8,88.98,72.89,Good
968,71.88,59.92,74.79,37.62,85.76,8.1,55.35,60.47,Acceptable
969,82.66,58.4,95.2,73.24,97.86,37.8,76.23,84.59,Very Good
970,79.04,41.44,71.3,60.85,71.36,33.9,62.96,72.74,Good
971,86.55,41.33,65.17,98.3,73.76,32.7,43.93,72.81,Good
972,97.47,85.74,53.64,70.37,94.9,12.0,72.12,70.8,Good
973,89.3,55.02,86.67,52.89,76.25,33.2,34.25,70.06,Good
974,68.6,68.49,83.93,81.11,85.36,34.8,58.93,82.52,Very Good
975,61.25,56.43,65.37,52.65,62.61,15.1,68.26,58.97,Acceptable
976,70.49,91.74,46.34,93.78,72.34,38.3,60.52,73.09,Good
977,83.8,54.26,89.47,59.36,56.17,6.7,82.41,68.32,Good
978,62.06,63.63,45.61,70.74,60.3,10.2,87.95,62.29,Acceptable
979,79.85,88.0,82.3,38.29,50.05,23.8,83.99,61.32,Acceptable
980,83.87,86.31,96.42,62.7,51.96,25.2,32.72,72.61,Good
981,73.37,50.24,68.2,89.1,98.86,27.6,43.59,79.18,Very Good
982,90.84,84.15,57.45,87.37,62.12,5.6,67.56,75.08,Very Good
983,64.26,65.2,82.36,49.58,83.17,38.6,95.44,71.11,Good
984,63.01,66.56,88.31,49.7,91.95,6.6,88.45,68.93,Good
985,89.13,47.34,73.96,88.12,77.53,10.0,88.98,77.73,Very Good
986,79.82,44.43,96.25,95.48,57.66,5.5,51.22,68.91,Good
987,87.54,80.04,47.74,41.2,86.41,24.8,60.06,65.31,Good
988,77.39,67.31,71.75,64.25,80.01,37.6,62.95,67.99,Good
989,69.86,64.03,83.08,56.93,86.56,28.3,41.02,73.54,Good
990,92.76,80.12,90.72,91.59,88.49,33.8,32.17,85.09,Excellent
991,91.98,82.1,54.5,40.43,98.77,5.5,96.28,71.58,Good
992,87.79,48.74,87.4,48.72,78.68,24.0,46.85,68.3,Good
993,70.89,73.56,74.29,83.91,67.08,21.1,46.8,68.68,Good
994,83.61,47.44,66.02,38.33,82.42,22.5,35.84,63.62,Acceptable
995,74.44,81.33,51.98,67.01,53.42,7.5,95.0,67.82,Good
996,63.66,76.13,90.86,63.74,94.87,29.0,70.58,80.66,Very Good
997,96.69,92.61,53.34,56.74,55.97,22.6,76.69,63.98,Acceptable
998,65.47,43.79,61.42,60.65,66.39,31.8,93.81,61.59,Acceptable
999,98.01,43.14,60.37,69.45,90.79,22.0,54.19,69.76,Good
1000,77.84,55.52,91.18,45.49,79.87,10.2,73.51,64.54,Acceptable
